row_number,external_id,raw_phone,rejection_reason,source
2,35675,,missing_phone,ooma_autodialer_csv
21,35652,,missing_phone,ooma_autodialer_csv
22,35651,,missing_phone,ooma_autodialer_csv
23,35650,,missing_phone,ooma_autodialer_csv
24,35649,,missing_phone,ooma_autodialer_csv
27,35646,,missing_phone,ooma_autodialer_csv
28,35645,,missing_phone,ooma_autodialer_csv
55,35610,,missing_phone,ooma_autodialer_csv
56,35609,,missing_phone,ooma_autodialer_csv
57,35608,,missing_phone,ooma_autodialer_csv
58,35607,,missing_phone,ooma_autodialer_csv
63,35602,,missing_phone,ooma_autodialer_csv
64,35601,,missing_phone,ooma_autodialer_csv
68,35596,,missing_phone,ooma_autodialer_csv
69,35592,,missing_phone,ooma_autodialer_csv
70,35591,,missing_phone,ooma_autodialer_csv
71,35590,,missing_phone,ooma_autodialer_csv
72,35589,,missing_phone,ooma_autodialer_csv
74,35581,,missing_phone,ooma_autodialer_csv
75,35580,,missing_phone,ooma_autodialer_csv
76,35579,,missing_phone,ooma_autodialer_csv
79,35576,,missing_phone,ooma_autodialer_csv
80,35575,,missing_phone,ooma_autodialer_csv
81,35574,,missing_phone,ooma_autodialer_csv
82,35573,,missing_phone,ooma_autodialer_csv
83,35572,,missing_phone,ooma_autodialer_csv
84,35571,,missing_phone,ooma_autodialer_csv
85,35570,,missing_phone,ooma_autodialer_csv
88,35567,,missing_phone,ooma_autodialer_csv
93,35559,,missing_phone,ooma_autodialer_csv
94,35558,,missing_phone,ooma_autodialer_csv
95,35557,,missing_phone,ooma_autodialer_csv
96,35556,,missing_phone,ooma_autodialer_csv
103,35549,,missing_phone,ooma_autodialer_csv
104,35548,,missing_phone,ooma_autodialer_csv
105,35547,,missing_phone,ooma_autodialer_csv
128,35523,,missing_phone,ooma_autodialer_csv
138,35511,,missing_phone,ooma_autodialer_csv
139,35510,,missing_phone,ooma_autodialer_csv
140,35509,,missing_phone,ooma_autodialer_csv
141,35508,,missing_phone,ooma_autodialer_csv
142,35507,,missing_phone,ooma_autodialer_csv
145,35504,,missing_phone,ooma_autodialer_csv
146,35503,,missing_phone,ooma_autodialer_csv
155,35494,,missing_phone,ooma_autodialer_csv
156,35493,,missing_phone,ooma_autodialer_csv
159,35489,,missing_phone,ooma_autodialer_csv
160,35488,,missing_phone,ooma_autodialer_csv
168,35479,,missing_phone,ooma_autodialer_csv
169,35478,,missing_phone,ooma_autodialer_csv
178,35436,,missing_phone,ooma_autodialer_csv
179,35435,,missing_phone,ooma_autodialer_csv
181,35433,,missing_phone,ooma_autodialer_csv
182,35432,,missing_phone,ooma_autodialer_csv
183,35431,,missing_phone,ooma_autodialer_csv
184,35430,,missing_phone,ooma_autodialer_csv
187,35427,,missing_phone,ooma_autodialer_csv
188,35426,,missing_phone,ooma_autodialer_csv
189,35425,,missing_phone,ooma_autodialer_csv
190,35424,,missing_phone,ooma_autodialer_csv
191,35423,,missing_phone,ooma_autodialer_csv
192,35422,,missing_phone,ooma_autodialer_csv
195,35419,,missing_phone,ooma_autodialer_csv
196,35418,,missing_phone,ooma_autodialer_csv
197,35417,,missing_phone,ooma_autodialer_csv
198,35416,,missing_phone,ooma_autodialer_csv
209,35404,,missing_phone,ooma_autodialer_csv
210,35403,,missing_phone,ooma_autodialer_csv
213,35400,,missing_phone,ooma_autodialer_csv
220,35393,,missing_phone,ooma_autodialer_csv
221,35392,,missing_phone,ooma_autodialer_csv
222,35391,,missing_phone,ooma_autodialer_csv
223,35390,,missing_phone,ooma_autodialer_csv
224,35389,,missing_phone,ooma_autodialer_csv
225,35388,,missing_phone,ooma_autodialer_csv
226,35387,,missing_phone,ooma_autodialer_csv
227,35386,,missing_phone,ooma_autodialer_csv
228,35385,,missing_phone,ooma_autodialer_csv
229,35384,,missing_phone,ooma_autodialer_csv
234,35379,,missing_phone,ooma_autodialer_csv
235,35378,,missing_phone,ooma_autodialer_csv
239,35369,,missing_phone,ooma_autodialer_csv
240,35368,,missing_phone,ooma_autodialer_csv
241,35367,,missing_phone,ooma_autodialer_csv
242,35366,,missing_phone,ooma_autodialer_csv
243,35365,,missing_phone,ooma_autodialer_csv
244,35364,,missing_phone,ooma_autodialer_csv
245,35363,,missing_phone,ooma_autodialer_csv
246,35362,,missing_phone,ooma_autodialer_csv
258,35350,,missing_phone,ooma_autodialer_csv
269,35339,,missing_phone,ooma_autodialer_csv
270,35338,,missing_phone,ooma_autodialer_csv
271,35337,,missing_phone,ooma_autodialer_csv
272,35336,,missing_phone,ooma_autodialer_csv
273,35335,,missing_phone,ooma_autodialer_csv
278,35330,,missing_phone,ooma_autodialer_csv
279,35329,,missing_phone,ooma_autodialer_csv
287,35321,,missing_phone,ooma_autodialer_csv
288,35320,,missing_phone,ooma_autodialer_csv
289,35319,,missing_phone,ooma_autodialer_csv
290,35318,,missing_phone,ooma_autodialer_csv
291,35317,,missing_phone,ooma_autodialer_csv
309,35299,,missing_phone,ooma_autodialer_csv
320,35287,,missing_phone,ooma_autodialer_csv
321,35286,,missing_phone,ooma_autodialer_csv
322,35285,,missing_phone,ooma_autodialer_csv
323,35284,,missing_phone,ooma_autodialer_csv
324,35283,,missing_phone,ooma_autodialer_csv
326,35280,,missing_phone,ooma_autodialer_csv
327,35279,,missing_phone,ooma_autodialer_csv
330,35276,,missing_phone,ooma_autodialer_csv
337,35269,,missing_phone,ooma_autodialer_csv
338,35268,,missing_phone,ooma_autodialer_csv
339,35267,,missing_phone,ooma_autodialer_csv
340,35266,,missing_phone,ooma_autodialer_csv
343,35263,,missing_phone,ooma_autodialer_csv
344,35262,,missing_phone,ooma_autodialer_csv
345,35261,,missing_phone,ooma_autodialer_csv
346,35260,,missing_phone,ooma_autodialer_csv
347,35259,,missing_phone,ooma_autodialer_csv
348,35258,,missing_phone,ooma_autodialer_csv
354,35250,,missing_phone,ooma_autodialer_csv
359,35245,,missing_phone,ooma_autodialer_csv
366,35238,,missing_phone,ooma_autodialer_csv
399,35202,,missing_phone,ooma_autodialer_csv
400,35201,,missing_phone,ooma_autodialer_csv
402,35199,,missing_phone,ooma_autodialer_csv
407,35192,,missing_phone,ooma_autodialer_csv
408,35189,,missing_phone,ooma_autodialer_csv
409,35188,,missing_phone,ooma_autodialer_csv
419,35178,,missing_phone,ooma_autodialer_csv
424,35173,,missing_phone,ooma_autodialer_csv
425,35172,,missing_phone,ooma_autodialer_csv
426,35171,,missing_phone,ooma_autodialer_csv
427,35170,,missing_phone,ooma_autodialer_csv
428,35169,,missing_phone,ooma_autodialer_csv
429,35168,,missing_phone,ooma_autodialer_csv
430,35167,,missing_phone,ooma_autodialer_csv
431,35166,,missing_phone,ooma_autodialer_csv
445,35152,,missing_phone,ooma_autodialer_csv
447,35149,,missing_phone,ooma_autodialer_csv
448,35148,,missing_phone,ooma_autodialer_csv
454,35142,,missing_phone,ooma_autodialer_csv
459,35135,,missing_phone,ooma_autodialer_csv
460,35134,,missing_phone,ooma_autodialer_csv
461,35133,,missing_phone,ooma_autodialer_csv
462,35132,,missing_phone,ooma_autodialer_csv
463,35129,,missing_phone,ooma_autodialer_csv
464,35128,,missing_phone,ooma_autodialer_csv
465,35127,,missing_phone,ooma_autodialer_csv
466,35126,,missing_phone,ooma_autodialer_csv
470,35120,,missing_phone,ooma_autodialer_csv
471,35119,,missing_phone,ooma_autodialer_csv
472,35118,,missing_phone,ooma_autodialer_csv
479,35111,,missing_phone,ooma_autodialer_csv
480,35108,,missing_phone,ooma_autodialer_csv
481,35107,,missing_phone,ooma_autodialer_csv
482,35106,,missing_phone,ooma_autodialer_csv
484,35104,,missing_phone,ooma_autodialer_csv
485,35103,,missing_phone,ooma_autodialer_csv
486,35102,,missing_phone,ooma_autodialer_csv
493,35095,,missing_phone,ooma_autodialer_csv
